<?xml version="1.0"?>
<doc>
    <assembly>
        <name>Microsoft.Extensions.Configuration.Abstractions</name>
    </assembly>
    <members>
        <member name="T:Microsoft.Extensions.Configuration.IConfiguration">
            <summary>
            Represents a set of key/value application configuration properties.
            </summary>
        </member>
        <member name="P:Microsoft.Extensions.Configuration.IConfiguration.Item(System.String)">
            <summary>
            Gets or sets a configuration value.
            </summary>
            <param name="key">The configuration key.</param>
            <returns>The configuration value.</returns>
        </member>
        <member name="M:Microsoft.Extensions.Configuration.IConfiguration.GetSection(System.String)">
            <summary>
            Gets a configuration sub-section with the specified key.
            </summary>
            <param name="key">The key of the configuration section.</param>
            <returns>The <see cref="T:Microsoft.Extensions.Configuration.IConfigurationSection"/>.</returns>
            <remarks>
                This method will never return <c>null</c>. If no matching sub-section is found with the specified key,
                an empty <see cref="T:Microsoft.Extensions.Configuration.IConfigurationSection"/> will be returned.
            </remarks>
        </member>
        <member name="M:Microsoft.Extensions.Configuration.IConfiguration.GetChildren">
            <summary>
            Gets the immediate descendant configuration sub-sections.
            </summary>
            <returns>The configuration sub-sections.</returns>
        </member>
        <member name="T:Microsoft.Extensions.Configuration.IConfigurationBuilder">
            <summary>
            Represents a type used to build application configuration.
            </summary>
        </member>
        <member name="P:Microsoft.Extensions.Configuration.IConfigurationBuilder.Properties">
            <summary>
            Gets a key/value collection that can be used to share data between the <see cref="T:Microsoft.Extensions.Configuration.IConfigurationBuilder"/>
            and the registered <see cref="T:Microsoft.Extensions.Configuration.IConfigurationProvider"/>s.
            </summary>
        </member>
        <member name="P:Microsoft.Extensions.Configuration.IConfigurationBuilder.Providers">
            <summary>
            Gets the providers used to obtain configuation values
            </summary>
        </member>
        <member name="M:Microsoft.Extensions.Configuration.IConfigurationBuilder.Add(Microsoft.Extensions.Configuration.IConfigurationProvider)">
            <summary>
            Adds a new configuration provider.
            </summary>
            <param name="provider">The configuration provider to add.</param>
            <returns>The same <see cref="T:Microsoft.Extensions.Configuration.IConfigurationBuilder"/>.</returns>
        </member>
        <member name="M:Microsoft.Extensions.Configuration.IConfigurationBuilder.Build">
            <summary>
            Builds an <see cref="T:Microsoft.Extensions.Configuration.IConfiguration"/> with keys and values from the set of providers registered in
            <see cref="P:Microsoft.Extensions.Configuration.IConfigurationBuilder.Providers"/>.
            </summary>
            <returns>An <see cref="T:Microsoft.Extensions.Configuration.IConfigurationRoot"/> with keys and values from the registered providers.</returns>
        </member>
        <member name="T:Microsoft.Extensions.Configuration.IConfigurationProvider">
            <summary>
            Represents a source of configuration key/values for an application.
            </summary>
        </member>
        <member name="M:Microsoft.Extensions.Configuration.IConfigurationProvider.TryGet(System.String,System.String@)">
            <summary>
            Tries to get a configuration value for the specified key.
            </summary>
            <param name="key">The key.</param>
            <param name="value">The value.</param>
            <returns><c>True</c> if a value for the specified key was found, otherwise <c>false</c>.</returns>
        </member>
        <member name="M:Microsoft.Extensions.Configuration.IConfigurationProvider.Set(System.String,System.String)">
            <summary>
            Sets a configuration value for the specified key.
            </summary>
            <param name="key">The key.</param>
            <param name="value">The value.</param>
        </member>
        <member name="M:Microsoft.Extensions.Configuration.IConfigurationProvider.Load">
            <summary>
            Loads configuration values from the source represented by this <see cref="T:Microsoft.Extensions.Configuration.IConfigurationProvider"/>.
            </summary>
        </member>
        <member name="M:Microsoft.Extensions.Configuration.IConfigurationProvider.GetChildKeys(System.Collections.Generic.IEnumerable{System.String},System.String,System.String)">
            <summary>
            Returns the immediate descendant configuration keys for a given parent path based on this
            <see cref="T:Microsoft.Extensions.Configuration.IConfigurationProvider"/>'s data and the set of keys returned by all the preceding
            <see cref="T:Microsoft.Extensions.Configuration.IConfigurationProvider"/>s.
            </summary>
            <param name="earlierKeys">The child keys returned by the preceding providers for the same parent path.</param>
            <param name="parentPath">The parent path.</param>
            <param name="delimiter">The delimiter to use to identify keys in the <see cref="T:Microsoft.Extensions.Configuration.IConfigurationProvider"/>'s data.</param>
            <returns>The child keys.</returns>
        </member>
        <member name="T:Microsoft.Extensions.Configuration.IConfigurationRoot">
            <summary>
            Represents the root of an <see cref="T:Microsoft.Extensions.Configuration.IConfiguration"/> hierarchy.
            </summary>
        </member>
        <member name="M:Microsoft.Extensions.Configuration.IConfigurationRoot.Reload">
            <summary>
            Force the configuration values to be reloaded from the underlying <see cref="T:Microsoft.Extensions.Configuration.IConfigurationProvider"/>s.
            </summary>
        </member>
        <member name="T:Microsoft.Extensions.Configuration.IConfigurationSection">
            <summary>
            Represents a section of application configuration values.
            </summary>
        </member>
        <member name="P:Microsoft.Extensions.Configuration.IConfigurationSection.Key">
            <summary>
            Gets the key this section occupies in its parent.
            </summary>
        </member>
        <member name="P:Microsoft.Extensions.Configuration.IConfigurationSection.Path">
            <summary>
            Gets the full path to this section within the <see cref="T:Microsoft.Extensions.Configuration.IConfiguration"/>.
            </summary>
        </member>
        <member name="P:Microsoft.Extensions.Configuration.IConfigurationSection.Value">
            <summary>
            Gets or sets the section value.
            </summary>
        </member>
    </members>
</doc>
